{"users": [{"username": "userOne", "password": "", "portfolios": [{"name": "Portfolio", "stocks": [{"name": "Apple Inc. (AAPL)", "value": "AAPL-tr"}]}, {"name": "PortfolioTwo", "stocks": []}]}, {"username": "Tyler", "password": "Marinkovic", "portfolios": [{"name": "Ty's Portfolio", "stocks": [{"name": "Apple Inc. (AAPL)", "value": "AAPL-tr"}, {"name": "Bitcoin (BTC)", "value": "BTC-cc"}, {"name": "DogeCoin (DOGE)", "value": "DOGE-cc"}]}]}, {"username": "Haki", "password": "Dehari", "portfolios": [{"name": "Haki's Portfolio", "stocks": []}]}, {"username": "Brian", "password": "Schuler", "portfolios": [{"name": "Brian's Portfolio", "stocks": []}]}, {"username": "Isaiah", "password": "Morales", "portfolios": [{"name": "Isaiah's Portfolio", "stocks": []}]}, {"username": "NewUserTest", "password": "a", "portfolios": [{"name": "Test", "stocks": []}]}]}