date,open,high,low,close,volume
1985-01-01,0.1022382323753155,0.10925923709747073,0.09785059507352288,0.10179946571588516,6366416000.0
1985-02-01,0.10179945681104112,0.10794293939394266,0.08688070625066757,0.08688070625066757,4733388800.0
1985-03-01,0.08688067242916674,0.091268307639105,0.07283945471845157,0.07766585052013397,4615587200.0
1985-04-01,0.07766586996984376,0.08073800335431124,0.06889060321089395,0.07459452748298645,2868028800.0
1985-05-01,0.07459452347922116,0.07810463233780082,0.059237015113118165,0.06099206954240799,4639129600.0
1985-06-01,0.05967578367676569,0.06494094766037548,0.05177725266218005,0.06318589299917221,5811388800.0
1985-07-01,0.06362463898239687,0.06406340547521029,0.055726900696754456,0.055726900696754456,2600595200.0
1985-08-01,0.055726929870106585,0.05660445745662399,0.05089974017560943,0.05265479534864426,1818745600.0
1985-09-01,0.05265480142992556,0.06055333566021062,0.05177727374205951,0.0552881695330143,1797199304.0
1985-10-01,0.05528814123813715,0.06757430762004664,0.052654774482729615,0.06537970155477524,3785913600.0
1985-11-01,0.06537971240814962,0.07283948314441945,0.06537971240814962,0.07064566761255264,2884672000.0
1985-12-01,0.07064567718626209,0.08029926476262655,0.06757432799522575,0.07722713053226471,3571209600.0
1986-01-01,0.07722710484317995,0.08688068920834353,0.07634957763171638,0.0811767652630806,6291801600.0
1986-02-01,0.08117675546843102,0.09390168060909897,0.08029922836284839,0.08775820583105087,3420860800.0
1986-03-01,0.08775824139180032,0.10399328739194455,0.08512565900829673,0.0991668775677681,4264332800.0
1986-04-01,0.09916684364366536,0.11496311758020858,0.09214663221437705,0.1061878576874733,4462684800.0
1986-05-01,0.10618790096833908,0.13163776322915732,0.1044328459310534,0.12988270819187164,4954051200.0
1986-06-01,0.1298826823228109,0.1373416676749014,0.11408562005490201,0.12593302130699158,4063360000.0
1986-07-01,0.1259329967095712,0.132515244329828,0.10531032604689725,0.10969796776771545,5691638400.0
1986-08-01,0.10925924435433776,0.13339281826644303,0.10750418931705208,0.12988270819187164,3643516800.0
1986-09-01,0.13032144898327186,0.13032144898327186,0.11101427733112681,0.11759651452302933,3578198400.0
1986-10-01,0.11715776112162218,0.12373921401586313,0.11320809965900436,0.12154540419578552,2984038400.0
1986-11-01,0.12198411015821137,0.14480138240635798,0.11891275684752634,0.14041295647621155,5206163200.0
1986-12-01,0.14041303941978991,0.15401628320546856,0.13734169601182564,0.14216887950897217,4762576000.0
1987-01-01,0.14173007756514427,0.20096631970863046,0.14085177107784197,0.19482362270355225,8268915200.0
1987-02-01,0.194823721334577,0.25054987074624224,0.18122125908519068,0.24572347104549408,6616176000.0
1987-03-01,0.24660077327566632,0.24747828262771845,0.21851834151651273,0.22641606628894806,5959318400.0
1987-04-01,0.22115102201595602,0.280826818488894,0.21895720072052852,0.27819421887397766,6813161600.0
1987-05-01,0.27907182231588806,0.2887254164543741,0.25449948035195785,0.27731677889823914,3838956800.0
1987-05-11,,,,,
1987-06-01,0.27949663480508247,0.3041063816122118,0.2671917614015178,0.28476980328559875,3497536000.0
1987-06-16,,,,,
1987-07-01,0.2865274317636826,0.3146534192196506,0.25664452794780523,0.2900436818599701,3070256000.0
1987-08-01,0.28828511995615613,0.3814508944921309,0.28125423980854886,0.3796931803226471,3119300800.0
1987-08-10,,,,,
1987-09-01,0.38546404702163733,0.4136263943866065,0.3414617261084775,0.3977847993373871,3075486400.0
1987-10-01,0.3995446332354546,0.4206662023184377,0.19449233559706103,0.27193695306777954,6575699200.0
1987-11-01,0.27281703005248514,0.28161783184463823,0.21473315292504497,0.23233473300933838,4234238400.0
1987-11-17,,,,,
1987-12-01,0.23636898119161032,0.30869099621971446,0.20990987742940584,0.2963433563709259,4702264000.0
1988-01-01,0.3016348834153077,0.3263301656753992,0.2698842806133553,0.2928157150745392,6221600000.0
1988-02-01,0.2945795060466821,0.3086909687021639,0.26635655718446655,0.3033994734287262,3368467200.0
1988-02-12,,,,,
1988-03-01,0.3057653340595738,0.33757859301121906,0.2739512727856318,0.2827886641025543,4882102400.0
1988-04-01,0.2810213290315969,0.29957892524946295,0.27218396155871416,0.2898578941822052,3297929600.0
1988-05-01,0.2880905481701384,0.3048816170490616,0.26423021877258424,0.2933932840824127,2638507200.0
1988-05-16,,,,,
1988-06-01,0.2939737502831116,0.3311631719904697,0.292202950417434,0.3276207447052002,3534731200.0
1988-07-01,0.32939241383969886,0.3364756378438404,0.29928621142673983,0.31433892250061035,2186419200.0
1988-08-01,0.3152244017902881,0.3240792559965114,0.27803496462932653,0.28246280550956726,2653313600.0
1988-08-15,,,,,
1988-09-01,0.28210802755475567,0.31404430624829593,0.26791404958207155,0.3069477081298828,3060321600.0
1988-10-01,0.30517361726062864,0.30694775521791495,0.26613912361085157,0.2741236090660095,3563649600.0
1988-11-01,0.2732366305708136,0.28210817648255054,0.25194523781494876,0.2670271098613739,2939865600.0
1988-11-21,,,,,
1988-12-01,0.26862111120238336,0.29886283045229706,0.26684146002464887,0.28641021251678467,2946070400.0
1989-01-01,0.286410250342716,0.313094309613681,0.2579473472095353,0.26862114667892456,7345833600.0
1989-02-01,0.2686210622150093,0.2864101602852823,0.25083113284295516,0.25794726610183716,4886268800.0
1989-02-17,,,,,
1989-03-01,0.25865853511298764,0.260442283434391,0.23903582692527006,0.2541984021663666,3859676800.0
1989-04-01,0.25330658541884726,0.2970113348697425,0.24171150419247528,0.27828049659729004,3966424000.0
1989-05-01,0.27471305874155394,0.349634802034705,0.27471305874155394,0.34071531891822815,5253382400.0
1989-05-22,,,,,
1989-06-01,0.3414616668503664,0.35933970991614844,0.28246621567105695,0.294980525970459,3941280000.0
1989-07-01,0.298555864272942,0.3003434970182227,0.26995195016170537,0.28425389528274536,3688630400.0
1989-08-01,0.28425384480696136,0.3271596964203208,0.2806777445309374,0.31822067499160767,3352305600.0
1989-08-21,,,,,
1989-09-01,0.3189757466316223,0.33510433626684977,0.30822445412776045,0.3189757466316223,2020849600.0
1989-10-01,0.31897579379764945,0.36108834670756496,0.30463991355394265,0.3333125114440918,4125049600.0
1989-11-01,0.33151979169952495,0.3386881503504529,0.3046399062318492,0.3171839118003845,2524939200.0
1989-11-17,,,,,
1989-12-01,0.31976161427267985,0.3287439216671908,0.2335343798292,0.2532944679260254,5941185600.0
1990-01-01,0.25329459839825963,0.27844442926667784,0.23083923807807916,0.24431228637695312,3747497600.0
1990-02-01,0.24790570527127959,0.25329459839825963,0.231737370942744,0.24431228637695312,2483891200.0
1990-02-16,,,,,
1990-03-01,0.241495110032279,0.31268244484472824,0.23969303395437155,0.29015472531318665,4556473600.0
1990-04-01,0.2883526476710428,0.318989745479984,0.2748361748347038,0.2838474214076996,3642475200.0
1990-05-01,0.286550416335233,0.3081762576691409,0.27934124913130143,0.2973637580871582,4115630400.0
1990-05-21,,,,,
1990-06-01,0.2990924345406394,0.32439328122614425,0.27108014171728956,0.3234897553920746,3952054400.0
1990-07-01,0.3216818832163426,0.34517565761993296,0.28915270434762874,0.3036102056503296,4163812800.0
1990-08-01,0.30361003951216337,0.3162604578251702,0.24216502302555193,0.26746585965156555,3128339200.0
1990-08-20,,,,,
1990-09-01,0.26464928825678613,0.27189946269244347,0.19758088497648213,0.21026955544948578,2206948800.0
1990-10-01,0.2138945339856918,0.23202081899942123,0.17582856826355547,0.22295808792114258,5056116800.0
1990-11-01,0.22114477442043304,0.2791504150345212,0.21570713889031184,0.2664617598056793,3254608000.0
1990-11-16,,,,,
1990-12-01,0.2709898439109735,0.3291894157050067,0.26917122263477467,0.3128211200237274,4094092800.0
1991-01-01,0.31100168488803726,0.4073944925580497,0.3055458694185373,0.4037572741508484,7037307200.0
1991-02-01,0.40375730586724734,0.4528630242321126,0.39830066436057465,0.4164884090423584,5545780800.0
1991-02-15,,,,,
1991-03-01,0.41554233933271206,0.5121371578300943,0.41554233933271206,0.49573439359664917,5210598400.0
1991-04-01,0.49573438674937104,0.534007989439458,0.3973163183522923,0.4009611904621124,7243051200.0
1991-05-01,0.3499296717749965,0.3918489681187084,0.3207690685745625,0.3426399528980255,7972843200.0
1991-05-20,,,,,
1991-06-01,0.34351672990808346,0.36178852707916975,0.2941817699693359,0.3033180832862854,4091662400.0
1991-07-01,0.30879929563522185,0.3526529597617167,0.3051451224751821,0.3380345106124878,3783494400.0
1991-08-01,0.3362075490514503,0.4056422320225819,0.3343804373960585,0.3873696029186249,4172649600.0
1991-08-19,,,,,
1991-09-01,0.3864129696363712,0.3919074872528963,0.34062991962932415,0.36260542273521423,2393070400.0
1991-10-01,0.360774108647488,0.4120516897527671,0.3406298467615043,0.37725594639778137,3593990400.0
1991-11-01,0.3754246940876301,0.4047267491960626,0.34795468218617276,0.3717622458934784,3696033600.0
1991-11-18,,,,,
1991-12-01,0.3726563891392408,0.42589291111691746,0.3561349118997614,0.4139604866504669,2607169600.0
1992-01-01,0.40937124864525704,0.5066652361665424,0.40753560875875516,0.47545793652534485,4703160000.0
1992-02-01,0.4754582115180122,0.5140088773167699,0.453429000528845,0.4956517815589905,2534996800.0
1992-02-14,,,,,
1992-03-01,0.4984177807648021,0.5039349530722065,0.42485035937887683,0.42852845788002014,2985662400.0
1992-04-01,0.42117230004316414,0.4505989079097537,0.3899057587500843,0.442322313785553,3931390400.0
1992-05-01,0.44140259662431486,0.4653120723525251,0.42852834665143674,0.4395635724067688,2703724800.0
1992-06-01,0.4211722063999371,0.4377245560745779,0.3144992111758241,0.35312196612358093,4851683200.0
1992-06-01,,,,,
1992-07-01,0.35383222909328566,0.36488962773164435,0.32066091896098636,0.34461843967437744,3632809600.0
1992-08-01,0.3446184695964257,0.34830399060500566,0.30591802619586955,0.33908936381340027,2746531200.0
1992-08-17,,,,,
1992-09-01,0.3418484862371341,0.36956669387443797,0.32337053641435093,0.33353379368782043,3055662400.0
1992-10-01,0.33076216320546337,0.39913168391862536,0.30674022633903064,0.3880445659160614,3531427200.0
1992-11-01,0.3880445626707751,0.43978383769354507,0.38065287112384755,0.4250012934207916,3126547200.0
1992-11-30,,,,,
1992-12-01,0.42405401839887114,0.45368196713243286,0.40368423190886615,0.4425712823867798,3334318400.0
1993-01-01,0.44071948528289795,0.4833097624118235,0.4240538837588487,0.44071948528289795,5542264000.0
1993-02-01,0.4388679882556733,0.4555336452861757,0.3814628552635707,0.3925735652446747,4651281600.0
1993-02-12,,,,,
1993-03-01,0.39342965364861826,0.4286901168686409,0.37301631287410336,0.3822947144508362,3661526400.0
1993-04-01,0.38043901324272156,0.3897182565072519,0.3470350655708153,0.38043901324272156,3914411200.0
1993-05-01,0.38043904372025666,0.4388972080990453,0.37858334853992875,0.4203387200832367,3200545600.0
1993-05-28,,,,,
1993-06-01,0.4202875308197972,0.4333052943291564,0.28639079720590194,0.29382988810539246,7674396800.0
1993-07-01,0.2901100029964124,0.295689521391874,0.18968782151955355,0.20642471313476562,7142912000.0
1993-08-01,0.2101438307688557,0.22874114170169135,0.19247717619972562,0.19712607562541962,3683164800.0
1993-08-16,,,,,
1993-09-01,0.19799361381363004,0.20172910592910248,0.17184349811284422,0.17464511096477509,3668022400.0
1993-10-01,0.16997569790743103,0.2409541902522576,0.16437246151919657,0.2297477424144745,5905323200.0
1993-11-01,0.22974777162458948,0.2615011069509718,0.22227594090832603,0.23535099625587463,3452108800.0
1993-11-19,,,,,
1993-12-01,0.23994568439727898,0.24369545086492395,0.1987050984960335,0.21932581067085266,3956971200.0
1994-01-01,0.2212002975801206,0.2643153194494722,0.21557606042261832,0.24556991457939148,7332035200.0
1994-02-01,0.24744427084636408,0.2868103837981238,0.24182003628320115,0.27368834614753723,4284459200.0
1994-02-07,,,,,
1994-03-01,0.27655315085461263,0.2897223485143561,0.23704555787538226,0.25021475553512573,5257985600.0
1994-04-01,0.24268909222031318,0.2577403480736234,0.2031815173878104,0.22575750946998596,4042136000.0
1994-05-01,0.22575753130511383,0.2539771316645967,0.2144695404518205,0.22011396288871765,3361657600.0
1994-05-27,,,,,
1994-06-01,0.2153163324978742,0.21626064939853856,0.18604100814051333,0.20020651817321777,4671788800.0
1994-07-01,0.19926218891818553,0.25686850455190663,0.19170771722481394,0.25450775027275085,4848065600.0
1994-08-01,0.254035502619554,0.2823665123830864,0.24270294740964812,0.2733955681324005,4574897600.0
1994-08-15,,,,,
1994-09-01,0.26818248374794357,0.2823970587668763,0.25302034630872555,0.2553893029689789,3232644800.0
1994-10-01,0.25491559174895173,0.33167480633665386,0.24638737494966742,0.3274106979370117,7713484800.0
1994-11-01,0.32504162212636184,0.3296606536831663,0.2757639980543069,0.28239706158638,4048945600.0
1994-11-18,,,,,
1994-12-01,0.2813455478066554,0.3032071903886437,0.26423695708053213,0.2965533137321472,3787795200.0
1995-01-01,0.2956028816967693,0.3654638544139535,0.28799943006117573,0.30700892210006714,8162100800.0
1995-02-01,0.30986033618505693,0.33837497924822785,0.2889499854203183,0.30035603046417236,5299347200.0
1995-02-13,,,,,
1995-03-01,0.30308782129040707,0.3107121788137531,0.258291316814302,0.2687756419181824,6997144000.0
1995-04-01,0.2706816879029589,0.30213470759466415,0.25638516155088986,0.2916503846645355,5674300800.0
1995-05-01,0.2916504550092192,0.3383521978502825,0.28593130862510646,0.3169078230857849,6384672000.0
1995-05-26,,,,,
1995-06-01,0.3201758589274544,0.3832555153806524,0.31730880250571875,0.35506102442741394,5521947200.0
1995-07-01,0.35553889830537183,0.3813441680920858,0.32877793449969184,0.34406977891921997,5699579200.0
1995-08-01,0.34311405857969407,0.3536266154181617,0.32017584708824315,0.32877790927886963,5292918400.0
1995-08-16,,,,,
1995-09-01,0.3296753269187117,0.3488420947755948,0.2664234933640489,0.285590261220932,7311483200.0
1995-10-01,0.28942436087643386,0.303320505164454,0.2577979913526415,0.27840307354927063,6498508800.0
1995-11-01,0.28079884367081925,0.32584135302182193,0.2721733251219698,0.2922992706298828,4864294400.0
1995-11-21,,,,,
1995-12-01,0.2922485790471385,0.30859122278134543,0.24321977504299636,0.24514232575893402,6560243200.0
1996-01-01,0.24802612137882635,0.2730211759503355,0.206568710949461,0.21245700120925903,10300214400.0
1996-02-01,0.21149574220180511,0.23264480044228195,0.20957317872232292,0.21149574220180511,4652099200.0
1996-03-01,0.21245702294343105,0.21245702294343105,0.17688701349839883,0.18890389800071716,3346750400.0
1996-04-01,0.19322963408148677,0.20380459803095824,0.1826555429333744,0.1874619573354721,2867076800.0
1996-05-01,0.1874619860498598,0.22207070873713972,0.1807321474571015,0.20092079043388367,3603902400.0
1996-06-01,0.1989982292200902,0.19995950455755107,0.15093068876407756,0.16150565445423126,4673939200.0
1996-07-01,0.16246690226344385,0.1749644293462656,0.12305178350112601,0.1691967397928238,4803489600.0
1996-08-01,0.16919676692664726,0.19226838880641559,0.15958308949647285,0.1865006983280182,3187374400.0
1996-09-01,0.18553938420176355,0.18938449754800707,0.1557379299450428,0.17063865065574646,3213548800.0
1996-10-01,0.16919678076949762,0.21341832462040358,0.16919678076949762,0.17688703536987305,5816977600.0
1996-11-01,0.17977084665748538,0.2028433268270182,0.17784828330437702,0.18553940951824188,2581364800.0
1996-12-01,0.1855394263335394,0.196114379282494,0.15958309236428359,0.16054438054561615,4147483200.0
1997-01-01,0.16246689991259394,0.17111930050125673,0.126896908033925,0.12785905599594116,9072739200.0
1997-02-01,0.12978160655868867,0.13747184560376616,0.11632280580206106,0.1249743327498436,4574169600.0
1997-03-01,0.12689695841357757,0.14900815700800418,0.12209054219606016,0.14035576581954956,4502243200.0
1997-04-01,0.13554934038168834,0.15285327445049762,0.12882037353726483,0.13074293732643127,3809724800.0
1997-05-01,0.12978161915260283,0.13843314693992334,0.12593562003793723,0.12785905599594116,2292707200.0
1997-06-01,0.13074292333901386,0.13170421154841355,0.10767044040478334,0.10959300398826599,2572304000.0
1997-07-01,0.10718975314118566,0.13939438857543818,0.09805671716873404,0.13458798825740814,6782372800.0
1997-08-01,0.1355492946407784,0.22735771398352783,0.13506866348216362,0.16727331280708313,17675705600.0
1997-09-01,0.16919678840240868,0.17880960708653743,0.16150567348881778,0.16679272055625916,3606075200.0
1997-10-01,0.16679273817141108,0.1903458695764021,0.1220905434614747,0.13098326325416565,6430043200.0
1997-11-01,0.13506867639496137,0.16535076547450034,0.12978163046223817,0.13651059567928314,5547483200.0
1997-12-01,0.1360299752308964,0.13795253888852468,0.09805676630280971,0.10094147175550461,5097792000.0
1998-01-01,0.10478660798516522,0.15381456532434915,0.10382532607457293,0.14083640277385712,10211577600.0
1998-02-01,0.14227914875135167,0.1836168474479997,0.1336267600534542,0.18169428408145905,7354166400.0
1998-03-01,0.1812127907102713,0.21534086916076947,0.16631205415162456,0.21149574220180511,10625977600.0
1998-04-01,0.21101509953980038,0.22783838685556002,0.18986518119115625,0.21053446829319,8081886400.0
1998-05-01,0.2114957086619564,0.24321972739249229,0.19707563130411968,0.20476587116718292,6803339200.0
1998-06-01,0.20380464514848662,0.22303201429882238,0.19707567883225927,0.22062793374061584,3909841600.0
1998-07-01,0.2220706551363618,0.29320978686228977,0.21918594421640847,0.26629218459129333,10927660800.0
1998-08-01,0.2634083972170678,0.3364700932069091,0.23841334031979128,0.23985525965690613,13220872000.0
1998-09-01,0.24129713606532105,0.3090717995418377,0.2355294597429775,0.2932097911834717,8080318400.0
1998-10-01,0.28263486728299714,0.3177242309745269,0.2191859779026219,0.28551870584487915,12930926400.0
1998-11-01,0.2884026431683079,0.3028236121895443,0.24418109177369213,0.24562303721904755,10123523200.0
1998-12-01,0.24610357844677974,0.31916614265090804,0.24321973995360904,0.31483951210975647,12924105600.0
1999-01-01,0.3239725763246244,0.36386833046039435,0.2850380846294119,0.3167629539966583,15127403200.0
1999-02-01,0.3206080639795866,0.3225306401012722,0.2653309328409073,0.2677341401576996,8116516800.0
1999-03-01,0.26773425632522485,0.28551882478032264,0.2461036868272384,0.27638664841651917,9951995200.0
1999-04-01,0.2773478690260991,0.36242646071375895,0.2576398556359924,0.3537740707397461,15888969600.0
1999-05-01,0.35425471340655806,0.3845376942289588,0.31483958383229604,0.33887335658073425,8908905600.0
1999-06-01,0.3460837213968031,0.37684645130931466,0.3234918751338724,0.3561771810054779,6918620800.0
1999-07-01,0.35617720135938674,0.4354880977524905,0.3475256603903225,0.42827847599983215,11466582400.0
1999-08-01,0.4277977988078001,0.5066280298700746,0.40088019649964685,0.5018207430839539,9244603200.0
1999-09-01,0.5152797398756965,0.6162212489272774,0.4417374244783904,0.48692020773887634,18967468800.0
1999-10-01,0.4777879870249464,0.6234307868475255,0.4575993688457377,0.6162211894989014,14468496000.0
1999-11-01,0.6152597194317041,0.7979143253231379,0.5945903999462407,0.7527315616607666,8624929600.0
1999-12-01,0.7767655555854791,0.9075075744177146,0.7003384872458548,0.7907049655914307,9418214400.0
2000-01-01,0.8065668847449073,0.9344250459641196,0.6652489969314366,0.797914445400238,12555177600.0
2000-02-01,0.7998369761329029,0.9224089832549845,0.7460017693764075,0.8815519213676453,7319782400.0
2000-03-01,0.9118342317718565,1.1564959004684636,0.8767448382020888,1.0444997549057007,8698356800.0
2000-04-01,1.0420955636916134,1.0728591450464968,0.8065669606840562,0.9541330933570862,8662404800.0
2000-05-01,0.9603814860395232,0.9709564517296769,0.6287187119292289,0.646022617816925,9807750400.0
2000-06-01,0.6287186295297882,0.8863584583284393,0.6181436652255822,0.8056055903434753,8105204800.0
2000-06-21,,,,,
2000-07-01,0.8017606546827589,0.9325027357115101,0.7210078214017037,0.7815719842910767,5746770400.0
2000-08-01,0.773881644402326,0.9459614370262216,0.6806313297648272,0.9373099207878113,5636086400.0
2000-09-01,0.9430776416149242,0.9863378945404832,0.39030533578678167,0.39607301354408264,14516930400.0
2000-10-01,0.41049395657337095,0.41145524470345296,0.26917607880173045,0.30090010166168213,21905788800.0
2000-11-01,0.29897742648307374,0.35377391224376137,0.2480260662999002,0.2537946403026581,8488373600.0
2000-12-01,0.2614848546395746,0.2691759782678941,0.20957309449392916,0.22879958152770996,8858970400.0
2001-01-01,0.228799646628922,0.34608374480716303,0.22207068165817628,0.3326249420642853,13709460800.0
2001-02-01,0.3182048167204657,0.33743131997218867,0.27686715060707257,0.2807122766971588,7023766400.0
2001-03-01,0.2739824658344967,0.36531021970915856,0.26436963685547615,0.3394693434238434,10799062400.0
2001-04-01,0.33977690846786596,0.41714632807095875,0.288402600580112,0.3920746147632599,11158991200.0
2001-05-01,0.3908436731188433,0.41068601832806634,0.29686287720696386,0.30686071515083313,7468434400.0
2001-06-01,0.30962917040055465,0.3860751876212536,0.29763210249087946,0.3576200604438782,7638265600.0
2001-07-01,0.3636186026327464,0.38792109465268915,0.27455962564539343,0.2890184819698334,8655102400.0
2001-08-01,0.2924018965400935,0.3060915310789585,0.2657917966036928,0.28532665967941284,5129359200.0
2001-09-01,0.2845573705737836,0.2934785290762315,0.22580033763390028,0.23856662213802338,5531523200.0
2001-10-01,0.2382591859624911,0.29870880426339547,0.22810714355309963,0.27009862661361694,7544247200.0
2001-11-01,0.27148367651308036,0.3314707593244676,0.2653309649731225,0.3276256322860718,5369744800.0
2001-12-01,0.3239338388311614,0.3696171172384918,0.3090141440692101,0.3368542790412903,4629839200.0
2002-01-01,0.3391618574426084,0.3803841150914429,0.31147503008475025,0.38023078441619873,8515376800.0
2002-02-01,0.3743855888566926,0.399611476032927,0.32208876358209326,0.3337783217430115,7837424000.0
2002-03-01,0.3373159472762605,0.38915196016837944,0.3356242526665715,0.3640802502632141,5318583200.0
2002-04-01,0.3596191794869254,0.4025331782809246,0.35377397759534,0.37330883741378784,6422836000.0
2002-05-01,0.3736163833343338,0.3996114645463175,0.34054606573176843,0.35838833451271057,5976157600.0
2002-06-01,0.3597734243912169,0.36069592416887786,0.245796081675917,0.27256035804748535,8708016800.0
2002-07-01,0.2724062157125288,0.2890184786620517,0.21226495206236526,0.2347215712070465,8118415200.0
2002-08-01,0.23241394473357813,0.24994960483188022,0.21487918310739798,0.2268771231174469,5151686400.0
2002-09-01,0.22287776441113444,0.2336448219197393,0.21611003684594243,0.22303196787834167,5291837600.0
2002-10-01,0.2244161728478735,0.2528713228338386,0.20549634023111493,0.2471802979707718,6611432800.0
2002-11-01,0.24518107715059398,0.26733018601210556,0.23087642562603208,0.23841334879398346,4531721600.0
2002-12-01,0.24456604177465496,0.24764197365801188,0.21195655079888334,0.220416858792305,4530439200.0
2003-01-01,0.22087863087654117,0.23656752479553678,0.20857320430118392,0.22087863087654114,6045832800.0
2003-02-01,0.22164695730004957,0.23533662046005724,0.21226498111225403,0.23087647557258606,4114303200.0
2003-03-01,0.23087638371345148,0.2331831205978668,0.21595584509930352,0.21749423444271088,4028404800.0
2003-04-01,0.21841678924827437,0.22995301661938886,0.1956526772855844,0.21872514486312866,7775342400.0
2003-05-01,0.21918596487122569,0.2924018571355534,0.21534083846044635,0.27609795331954956,10811544800.0
2003-06-01,0.27840474342205535,0.3028614381068283,0.25579394696318514,0.29317110776901245,6113335200.0
2003-07-01,0.2902484830082286,0.3317791232906038,0.28471163590330023,0.32424217462539673,5218270400.0
2003-08-01,0.32301126059061963,0.3514672550702555,0.2987087481469625,0.3477754592895508,4307564800.0
2003-09-01,0.3485447281588982,0.3586967708209765,0.30993668496306803,0.3187045156955719,5347484800.0
2003-10-01,0.31855033335493926,0.3846909777699592,0.31055257041614504,0.35208234190940857,7040191200.0
2003-11-01,0.3511598135251951,0.35838838153795366,0.3053223560427874,0.32162711024284363,4974104800.0
2003-12-01,0.32362632246835693,0.3368542708676291,0.2960936966744623,0.32870233058929443,5453873600.0
2004-01-01,0.33147070511522325,0.3820758052178263,0.3257796808324718,0.34700626134872437,7927802400.0
2004-02-01,0.34546793962651967,0.37069382928921046,0.3337783546427558,0.36792540550231934,4922030400.0
2004-03-01,0.3706937788686577,0.43283510905490963,0.3630035255886517,0.4159153401851654,11626115200.0
2004-04-01,0.4136086590471518,0.45498422395562227,0.39207456720450995,0.3965347111225128,8930174400.0
2004-05-01,0.3999189734448182,0.44267964591427994,0.39222784728836396,0.43160420656204224,5304275200.0
2004-06-01,0.42745174858046575,0.5258935416219774,0.4246833241618926,0.50051349401474,8227234400.0
2004-07-01,0.493745532326086,0.517279697143292,0.44206372867013893,0.49743732810020447,9696579200.0
2004-08-01,0.47959523508293633,0.5411207203703666,0.45683025668834887,0.5305078625679016,8011365600.0
2004-09-01,0.5275852002494319,0.6040312216805368,0.5258934540636747,0.5960325598716736,7673506400.0
2004-10-01,0.6017234727769816,0.818295163159113,0.5791126809828724,0.8059897422790527,16094366400.0
2004-11-01,0.8075283914834709,1.0700901231658835,0.800453153409896,1.031328797340393,17439604000.0
2004-12-01,1.0427114423362067,1.0451723316678814,0.9474997922247952,0.9905679225921631,15948615200.0
2005-01-01,0.9964130991615161,1.1980643172125194,0.9628810955243742,1.1828362941741943,25708244800.0
2005-02-01,1.18514358769133,1.3978692686708427,1.1779141239820754,1.3800270557403564,21448946400.0
2005-02-28,,,,,
2005-03-01,1.3840268449730115,1.3877177686024715,1.194526847403764,1.281893253326416,14675920000.0
2005-04-01,1.2948134764472705,1.367414327384804,1.045941453539573,1.109312891960144,19375518400.0
2005-05-01,1.1139274632050276,1.2594367419358767,1.018562486734856,1.223136305809021,12858294400.0
2005-06-01,1.2271354875312472,1.253898867147319,1.092700748676379,1.132385492324829,11327195600.0
2005-07-01,1.1330003783914955,1.3652610539620609,1.1163881947186334,1.3120408058166504,10094246400.0
2005-08-01,1.3095797147625625,1.4867741912033505,1.2926598968622416,1.4424760341644287,9400806800.0
2005-09-01,1.4458596923098295,1.6784278068846172,1.4178653556007283,1.6492035388946533,12347770400.0
2005-10-01,1.6661230026616785,1.7836370759547606,1.4726237700192246,1.7716400623321533,18643447200.0
2005-11-01,1.7608734525206065,2.1863249887246274,1.7494904772460393,2.086345672607422,13456427600.0
2005-12-01,2.1211075357001308,2.321374394204725,2.116800619960332,2.211550712585449,13064164400.0
2006-01-01,2.2266251055743402,2.657922006298564,2.180172546558559,2.322913408279419,21878371200.0
2006-02-01,2.3056854979760817,2.3521372223668107,1.934991738241891,2.1069560050964355,18760697200.0
2006-03-01,2.117722978220829,2.1531010069255707,1.7741010724833406,1.92945396900177,23192632400.0
2006-04-01,1.9586794343382372,2.2164725389079973,1.8780798130943404,2.1654064655303955,20119282400.0
2006-05-01,2.1770961718056445,2.2703078821104743,1.8054790565758545,1.8387036323547363,15608779200.0
2006-06-01,1.841164671666234,1.9411439903479297,1.7045773848359345,1.761795997619629,17936623600.0
2006-07-01,1.769486773800527,2.111262867944123,1.5430714090745277,2.0906522274017334,17479742000.0
2006-08-01,2.0678876381539504,2.1534090551311253,1.9251476049265863,2.087268352508545,17887646000.0
2006-09-01,2.1066487167230274,2.3927446255340534,2.086345505754831,2.3681344985961914,17721558400.0
2006-10-01,2.310299904961801,2.541022197006419,2.2333921320051817,2.494262218475342,14387956800.0
2006-11-01,2.4948780517079907,2.8658792441118304,2.393051902218443,2.8197343349456787,13834884000.0
2006-12-01,2.824041909007748,2.840346666253561,2.3616748995516765,2.6099319458007812,16890792800.0
2007-01-01,2.6545372775819325,3.0086188028197998,2.5194876019151438,2.637310028076172,27209781200.0
2007-02-01,2.6526913701026276,2.793585318710874,2.549020239668058,2.6028554439544678,13722354800.0
2007-03-01,2.585012369163001,2.978778626414776,2.5763987444791656,2.858187675476074,15918644000.0
2007-04-01,2.896027283903191,3.1532053335598045,2.75636322938871,3.070145845413208,13459740000.0
2007-05-01,3.0636850374425615,3.75831249591829,3.0316914266472588,3.7281649112701416,17365068000.0
2007-06-01,3.7253961929546646,3.925663230477217,3.550047736076951,3.7543132305145264,23279541600.0
2007-07-01,3.72385873922917,4.581222948581539,3.6700235211971863,4.053330421447754,24018573600.0
2007-08-01,4.111165367037496,4.296051031807936,3.433764744037794,4.2600579261779785,24360798000.0
2007-09-01,4.30497190480014,4.768262365085529,3.9991878298198125,4.721194744110107,20931223600.0
2007-10-01,4.756879100232743,5.848657073066767,4.70458207526527,5.843427658081055,23277791600.0
2007-11-01,5.801898693248113,5.927412491245596,4.633828525192313,5.605630874633789,26199790400.0
2007-12-01,5.594554842081048,6.243653309899151,5.444739002436999,6.093530654907227,17252678800.0
2008-01-01,6.130138394230542,6.160593615670259,3.880441839261184,4.164076805114746,35173888400.0
2008-02-01,4.191148369238598,4.2019152483501605,3.551278502074567,3.8459880352020264,24865954400.0
2008-03-01,3.8281443054920823,4.483395398645371,3.6300307526933735,4.414486408233643,22927273600.0
2008-04-01,4.500624021889445,5.537336383961765,4.41787217362659,5.351220607757568,22786982400.0
2008-05-01,5.382290594585084,5.913875150014176,5.291232553112564,5.806512355804443,18588214400.0
2008-06-01,5.801899250886291,5.843429824472562,5.049744640775517,5.150954723358154,19475794800.0
2008-07-01,5.052204386588786,5.565330764060558,4.507699459750117,4.889776229858398,19749760800.0
2008-08-01,4.918998650010258,5.551178202361096,4.703965491907756,5.215246677398682,13085755200.0
2008-09-01,5.3035374087108575,5.3373766361572725,3.0944478031630416,3.4965202808380127,24067562400.0
2008-10-01,3.4429923213281795,3.580810523671553,2.614852560099914,3.309788465499878,41426711200.0
2008-11-01,3.2587228674028768,3.438994185469297,2.4345829321506622,2.8508059978485107,23619461600.0
2008-12-01,2.808659944427242,3.18704484841804,2.6010102056498017,2.625620126724243,20213846800.0
2009-01-01,2.6419244388357828,2.989238168510163,2.4056645125508895,2.772667407989502,18105740800.0
2009-02-01,2.7409820761053196,3.168587088469953,2.661305969225409,2.7474422454833984,13867450800.0
2009-03-01,2.7108333862237357,3.3833118046421258,2.5327155858962733,3.233804225921631,15424598000.0
2009-04-01,3.2021186050388537,3.9130511301629065,3.1959658681374,3.870906114578247,11821681200.0
2009-05-01,3.8699837217810273,4.180689616705733,3.6724849271623836,4.177921295166016,9457142800.0
2009-06-01,4.198224254314255,4.503699832485789,4.087784682432448,4.381571292877197,12675572000.0
2009-07-01,4.414485981804812,5.07588974618697,4.135157995338997,5.026361465454102,10942136800.0
2009-08-01,5.082350784166458,5.306305439579472,4.904233189218976,5.17464017868042,8165124800.0
2009-09-01,5.167872961354884,5.811127215311771,5.048512332359098,5.701918601989746,9989319200.0
2009-10-01,5.701918314389431,6.420541503905773,5.5588696560368005,5.798821449279785,12956176800.0
2009-11-01,5.8388141181913875,6.398700510399779,5.708687003038848,6.1498284339904785,8454784800.0
2009-12-01,6.221505178245985,6.581739306996288,5.804359053274192,6.482682704925537,11393958800.0
2010-01-01,6.565741745878391,6.632190060977014,5.852656088897949,5.908337116241455,15168994400.0
2010-02-01,5.917874158269949,6.311640264640549,5.8711141815662655,6.294720649719238,10776080000.0
2010-03-01,6.329481932881604,7.305591693667883,6.3202532399607225,7.2292985916137695,12154172800.0
2010-04-01,7.30343943537783,8.381681561746586,7.160083946239552,8.031907081604004,12367129600.0
2010-05-01,8.116506562124025,8.240789409057188,6.129524945962006,7.902396202087402,18082654800.0
2010-06-01,7.988840895302927,8.583181496724608,7.450795800076717,7.737814903259277,16651252800.0
2010-07-01,7.823030299302463,8.18265016992726,7.370814561253777,7.91378116607666,15669704400.0
2010-08-01,8.01191027077159,8.130039525525827,7.2465271021640465,7.478480339050293,9589120800.0
2010-09-01,7.612915278218288,9.066773487338693,7.576307721836974,8.728997230529785,11849919200.0
2010-10-01,8.802824801809015,9.813388213708883,8.54503093008037,9.259039878845215,12234577600.0
2010-11-01,9.297189637884875,9.884147699991725,9.159986866262589,9.571903228759766,9508086000.0
2010-12-01,9.698646008583772,10.049036621791037,9.68695580678478,9.922908782958984,6973234800.0
2011-01-01,10.017654577992962,10.723972171800101,9.993044457884768,10.438491821289062,10841535600.0
2011-02-01,10.499408189923228,11.225414068847847,10.3892766371882,10.865795135498047,9295949600.0
2011-03-01,10.935314065949033,11.126044754955943,10.03672719169889,10.721203804016113,11306458800.0
2011-04-01,10.80119136947689,10.924858106242734,9.849077018849576,10.77104377746582,9253829200.0
2011-05-01,10.759042350922607,10.82333720602274,10.133939197616339,10.700284957885742,6912060400.0
2011-06-01,10.732281492378005,10.832567818817667,9.551905606030322,10.32620906829834,9263850400.0
2011-07-01,10.334821015057674,12.443623985988387,10.28098580875692,12.01232624053955,10653946800.0
2011-08-01,12.236898413807166,12.289810308708134,10.85994709854793,11.838518142700195,16142599200.0
2011-09-01,11.86897536486309,13.008436114544422,11.274017943673947,11.730541229248047,11977448000.0
2011-10-01,11.701316959395408,13.126566218186255,10.897480251444227,12.452240943908691,13141427600.0
2011-11-01,12.225513692640671,12.551294063602704,11.176803310440269,11.757608413696289,8963701600.0
2011-12-01,11.768072313785137,12.584829785170752,11.618564069019255,12.459009170532227,6306532400.0
2012-01-01,12.594363093219956,14.096825081637572,12.582057621207989,14.042682647705078,6859854400.0
2012-02-01,14.10206033012348,16.846118973274276,13.965780062203,16.68707275390625,11368554400.0
2012-03-01,16.863342169158205,19.11765400320218,15.880465055053119,18.443944931030273,15584338000.0
2012-04-01,18.514081773601752,19.81135615501919,17.07345111007298,17.964962005615234,15598990400.0
2012-05-01,17.993265798747647,18.358114026106012,16.063812049526433,17.772695541381836,11106345600.0
2012-06-01,17.509056792321726,18.150157154215275,16.87349471478045,17.965579986572266,7855825600.0
2012-07-01,17.9880416326182,19.06905225316748,17.534902739115868,18.788801193237305,8909650400.0
2012-08-01,18.947227881819035,20.94559085487656,18.465479254369704,20.464765548706055,8276206400.0
2012-08-09,,,,,
2012-09-01,20.568696473223216,21.78317983878993,20.267160374329308,20.610095977783203,9199005200.0
2012-10-01,20.7355269426484,20.908231385689767,18.157026557902057,18.392446517944336,12142830000.0
2012-11-01,18.482042276775474,18.62971991618563,15.6251763257934,18.082260131835938,12929851200.0
2012-11-07,,,,,
2012-12-01,18.42462400041982,18.453797841414623,15.55626077176593,16.51651954650879,12132752800.0
2013-01-01,17.188455311835362,17.225078010192323,13.500736885995765,14.13666820526123,13123423600.0
2013-02-01,14.24901492514014,15.050679664615451,13.583289224864853,13.69936466217041,9344034000.0
2013-02-07,,,,,
2013-03-01,13.67306828216444,14.670454664191372,13.079944890341636,13.818540573120117,9176876800.0
2013-04-01,13.794815803474501,13.899393242713808,12.021686586343261,13.822286605834961,10963489600.0
2013-05-01,13.874730893668175,14.539341720697749,13.076823121317885,14.03924560546875,9447530400.0
2013-05-09,,,,,
2013-06-01,14.163592871505507,14.279860612630134,12.21972432052997,12.460430145263672,7018536000.0
2013-07-01,12.654002460730032,14.371305210081927,12.60780901266238,14.220157623291016,6538114800.0
2013-08-01,14.321343661646619,16.143601428306447,14.243097324147977,15.310246467590332,8058338400.0
2013-08-08,,,,,
2013-09-01,15.597328477120264,16.066102130668376,14.146091075008997,15.080160140991211,8630941200.0
2013-10-01,15.133929053326222,17.057103790851652,15.128552055055284,16.533607482910156,7837732000.0
2013-11-01,16.57536584122562,17.66063120687673,16.207179041672163,17.58914566040039,5225155600.0
2013-11-06,,,,,
2013-12-01,17.753239781015665,18.298563041596193,17.142375236482824,17.849323272705078,7057397200.0
2014-01-01,17.6794229386016,17.82323040187683,15.702704525877012,15.927005767822266,8765954400.0
2014-02-01,15.990960270024225,17.53657268612403,15.885650398388297,16.742769241333008,5880366800.0
2014-02-06,,,,,
2014-03-01,16.752731194358244,17.57145284391675,16.733207338872557,17.17905616760254,5001698800.0
2014-04-01,17.21169977006816,19.185528626618858,16.365774338203657,18.88658905029297,6435060800.0
2014-05-01,18.947722347128064,20.617490607590305,18.57420852970351,20.259981155395508,5735668400.0
2014-05-08,,,,,
2014-06-01,20.404039274335755,21.414327670153053,20.03519782584953,20.93670082092285,4827739200.0
2014-06-09,,,,,
2014-07-01,21.069619978988577,22.40336973221504,20.855590088065288,21.53823471069336,4140344000.0
2014-08-01,21.380529116639277,23.182891921517328,21.015550029859313,23.0927734375,3748308000.0
2014-08-07,,,,,
2014-09-01,23.33443128602653,23.48839422772542,21.767633055889963,22.811410903930664,6105680000.0
2014-10-01,22.775183340185325,24.461983482526936,21.550273746781322,24.452926635742188,5441120800.0
2014-11-01,24.50274091071639,27.113317233052825,24.389532905567943,26.927656173706055,3281632800.0
2014-11-06,,,,,
2014-12-01,27.017127621736805,27.117183192460015,24.16328674179752,25.10016441345215,4294378400.0
2015-01-01,25.329839596715654,27.28773470025128,23.792630056160746,26.641925811767578,5221053600.0
2015-02-01,26.844311113823196,30.380347614891896,26.396337168070904,29.211523056030273,4546140800.0
2015-02-05,,,,,
2015-03-01,29.507159401614626,29.742303217198234,27.76754906750138,28.406776428222656,4554568400.0
2015-04-01,28.495813880642494,30.71484231339495,28.103145760313488,28.571151733398438,3984542000.0
2015-05-01,28.7880296670625,30.35641860659125,28.162501191690843,29.7423038482666,3816608400.0
2015-05-07,,,,,
2015-06-01,29.866541064350745,30.121007437709256,28.5368987318503,28.754684448242188,3514426800.0
2015-07-01,29.09167933011384,30.48321977560157,27.33104809727822,27.807886123657227,4233122400.0
2015-08-01,27.85372981544457,28.09902596690335,21.090890066015643,25.850095748901367,6427276400.0
2015-08-06,,,,,
2015-09-01,25.36605710861865,26.918187552159118,24.723557593630105,25.40060043334961,4826189200.0
2015-10-01,25.117354408598086,27.915336394885646,24.712049581062743,27.519243240356445,4450048400.0
2015-11-01,27.818613355139266,28.514077898391694,25.561804672284943,27.242897033691406,3002562400.0
2015-11-05,,,,,
2015-12-01,27.46357973942059,27.720292078563293,24.241957220251344,24.343717575073242,3687660800.0
2016-01-01,23.730846898366746,24.480168531724125,21.367244103054414,22.512041091918945,5087392000.0
2016-02-01,22.310837040419518,22.87051553220195,21.413499468520698,22.361717224121094,3243450400.0
2016-02-04,,,,,
2016-03-01,22.706280278867187,25.67565169112277,22.652798245011507,25.343137741088867,2984198400.0
2016-04-01,25.294309502133892,26.133732868247254,21.5110925936343,21.797100067138672,3489534800.0
2016-05-01,21.850580250383068,23.42246454592059,20.804207899106984,23.220165252685547,3602686000.0
2016-05-05,,,,,
2016-06-01,23.165030851119116,23.836447781247085,21.405780597204433,22.364946365356445,3117990800.0
2016-07-01,22.3392062357527,24.458730048919012,22.07719133926499,24.379188537597656,2743118400.0
2016-08-01,24.425983916807976,25.78753179493714,24.330066451955414,24.821346282958984,2520514000.0
2016-08-04,,,,,
2016-09-01,24.965215294877844,27.326726373248512,24.116106165705784,26.590518951416016,3872062400.0
2016-10-01,26.510543671987627,27.917101576702052,26.40940320564101,26.705768585205078,2747657200.0
2016-11-01,26.686956373388565,26.75987098108118,24.480684740175345,25.995437622070312,2886220000.0
2016-11-03,,,,,
2016-12-01,26.093441268318035,27.90203655212207,25.592234728678584,27.38191795349121,2435086800.0
2017-01-01,27.377190070113304,28.947004582765704,27.13131526884272,28.689308166503906,2252488000.0
2017-02-01,30.03216293065077,32.50272904881373,30.027435366702036,32.38688659667969,2299874400.0
2017-02-09,,,,,
2017-03-01,32.740995710636,34.31049315489423,32.541544578446846,34.11104202270508,2246513600.0
2017-04-01,34.12292271391848,34.53844781279522,33.25625390526361,34.108673095703125,1493216400.0
2017-05-01,34.45296089877309,37.19542307019831,34.255882887550705,36.27177047729492,2615927200.0
2017-05-11,,,,,
2017-06-01,36.51923759820603,37.18920540991467,33.90373791928333,34.337669372558594,2736712400.0
2017-07-01,34.542717608303086,36.71475079362344,33.95381264016808,35.46064376831055,1688047600.0
2017-08-01,35.548867073575195,39.22534891625223,35.38435463852564,39.10136795043945,2644276000.0
2017-08-10,,,,,
2017-09-01,39.44639968781541,39.47990983209853,35.70282168043211,36.89004135131836,2721496400.0
2017-10-01,36.92355533490647,40.607293921080725,36.49271162141928,40.46128463745117,2017165200.0
2017-11-01,40.659950532992724,42.18467128549042,39.56129256272257,41.13388442993164,2402653600.0
2017-11-10,,,,,
2017-12-01,40.82533272551167,42.56692535613762,39.98696841197457,40.652374267578125,2124735200.0
2018-01-01,40.87579231357242,43.26357714342077,39.564190905112625,40.21998977661133,2638717600.0
2018-02-01,40.15752469170157,43.3884787532461,36.090607144565354,42.78792953491211,3711577200.0
2018-02-09,,,,,
2018-03-01,43.0636928401472,44.260042194035265,39.783386744092205,40.46839141845703,2854910800.0
2018-04-01,40.19342114837002,43.16017105593302,38.743815764324076,39.860565185546875,2664617200.0
2018-05-01,40.13793751110407,45.91706507931942,39.862970722705256,45.07286834716797,2483905200.0
2018-05-11,,,,,
2018-06-01,45.5178708641946,47.02149116772332,43.760010460299206,44.82053756713867,2110498000.0
2018-07-01,44.50818802782691,47.44763615078967,44.4113341382263,46.07476043701172,1574765600.0
2018-08-01,48.215185835870166,55.41610543988068,47.77450894535588,55.115867614746094,2801275600.0
2018-08-10,,,,,
2018-09-01,55.498689228479776,55.80484063359916,52.31324271565797,54.849937438964844,2715888000.0
2018-10-01,55.386921983556825,56.72816370358682,50.07541435216625,53.17824935913086,3158994000.0
2018-11-01,53.22441414903763,54.028671982575624,41.3694970755308,43.39107894897461,3845305600.0
2018-11-08,,,,,
2018-12-01,44.976174948279,45.093210462918826,35.74247577247269,38.46113967895508,3595690000.0
2019-01-01,37.76623499531371,41.20662237302953,34.623315840060314,40.582427978515625,3312349600.0
2019-02-01,40.709224777361136,42.88171343385759,40.45808036364451,42.218505859375,1890162400.0
2019-02-08,,,,,
2019-03-01,42.676274095968076,48.40872612643295,41.5057867221301,46.5134162902832,2603925600.0
2019-04-01,46.92724642495644,51.05088794270027,46.128965449932814,49.1384391784668,2024470800.0
2019-05-01,51.39371430551392,52.72336689636436,42.8501340737889,42.86972427368164,2957826400.0
2019-05-10,,,,,
2019-06-01,43.165093889944444,49.54890654398728,41.85490014578577,48.65167999267578,2060874800.0
2019-07-01,49.9422052616819,54.41603501776263,48.77212786419529,52.3683967590332,1895406800.0
2019-08-01,52.579807254937634,53.59502402397281,47.33903537338445,51.311405181884766,2724326400.0
2019-08-09,,,,,
2019-09-01,50.93636257133704,55.86887336787636,50.391049729068925,55.264339447021484,2170268400.0
2019-10-01,55.535763915256894,61.62552355479004,53.083079812804236,61.38124084472656,2433210800.0
2019-11-01,61.573695738935776,66.12868037995499,61.47993375238822,65.94361877441406,1793326000.0
2019-11-07,,,,,
2019-12-01,66.14656016243458,72.75453725072558,63.42912846971514,72.67533874511719,2388794800.0
2020-01-01,73.31632507158675,81.13947614969196,72.4525886857002,76.60051727294922,2934370400.0
2020-02-01,75.31110969387402,80.98357671551433,63.44893065728404,67.65377807617188,3019851200.0
2020-02-07,,,,,
2020-03-01,70.02718087268946,75.41541404760318,52.74365535095667,63.08350372314453,6280072400.0
2020-04-01,61.15098507484702,73.06612397341783,58.769444182536574,72.88502502441406,3266123200.0
2020-05-01,71.01204290222991,80.4364859288805,70.912813614063,78.87360382080078,2806405200.0
2020-05-08,,,,,
2020-06-01,79.03985283800937,92.62898752401168,78.90552649364464,90.74346923828125,3243375600.0
2020-07-01,90.82307156168777,105.88231126904994,88.69875676768719,105.72808837890625,3020496000.0
2020-08-01,107.6583805889354,130.34425374241803,107.35242469901752,128.39405822753906,4070623100.0
2020-08-07,,,,,
2020-08-31,,,,,
2020-09-01,132.33359902709307,137.53683476860928,102.7688642836282,115.43804168701172,3885767100.0
2020-10-01,117.26215962739535,124.98726793942652,107.37402281316912,108.51036071777344,2895016800.0
2020-11-01,108.75955634885517,121.5981850650144,106.97530463638356,118.66763305664062,2123077300.0
2020-11-06,,,,,
2020-12-01,120.82944672762089,138.58290888396508,119.83093879774255,132.4920196533203,2322956800.0
2021-01-01,133.32077716372126,144.87350547845008,126.19142385130851,131.7631072998047,2240533800.0
2021-02-01,133.5504326815421,137.67427521669345,118.21335060676677,121.07907104492188,1833204000.0
2021-02-05,,,,,
2021-03-01,123.75,128.72000122070312,116.20999908447266,120.52999877929688,1686676300.0
2021-03-19,119.9000015258789,121.43000030517578,119.67500305175781,119.98999786376953,185549522.0
