{
    "abs": {
        "full_name": "Vector Absolute Value",
        "type": "simple",
        "inputs": [
            "real"
        ],
        "options": [],
        "outputs": [
            "abs"
        ]
    },
    "acos": {
        "full_name": "Vector Arccosine",
        "type": "simple",
        "inputs": [
            "real"
        ],
        "options": [],
        "outputs": [
            "acos"
        ]
    },
    "ad": {
        "full_name": "Accumulation/Distribution Line",
        "type": "indicator",
        "inputs": [
            "high",
            "low",
            "close",
            "volume"
        ],
        "options": [],
        "outputs": [
            "ad"
        ]
    },
    "add": {
        "full_name": "Vector Addition",
        "type": "simple",
        "inputs": [
            "real",
            "real"
        ],
        "options": [],
        "outputs": [
            "add"
        ]
    },
    "adosc": {
        "full_name": "Accumulation/Distribution Oscillator",
        "type": "indicator",
        "inputs": [
            "high",
            "low",
            "close",
            "volume"
        ],
        "options": [
            "short period",
            "long period"
        ],
        "outputs": [
            "adosc"
        ]
    },
    "adx": {
        "full_name": "Average Directional Movement Index",
        "type": "indicator",
        "inputs": [
            "high",
            "low",
            "close"
        ],
        "options": [
            "period"
        ],
        "outputs": [
            "dx"
        ]
    },
    "adxr": {
        "full_name": "Average Directional Movement Rating",
        "type": "indicator",
        "inputs": [
            "high",
            "low",
            "close"
        ],
        "options": [
            "period"
        ],
        "outputs": [
            "dx"
        ]
    },
    "ao": {
        "full_name": "Awesome Oscillator",
        "type": "indicator",
        "inputs": [
            "high",
            "low"
        ],
        "options": [],
        "outputs": [
            "ao"
        ]
    },
    "apo": {
        "full_name": "Absolute Price Oscillator",
        "type": "indicator",
        "inputs": [
            "real"
        ],
        "options": [
            "short period",
            "long period"
        ],
        "outputs": [
            "apo"
        ]
    },
    "aroon": {
        "full_name": "Aroon",
        "type": "indicator",
        "inputs": [
            "high",
            "low"
        ],
        "options": [
            "period"
        ],
        "outputs": [
            "aroon_down",
            "aroon_up"
        ]
    },
    "aroonosc": {
        "full_name": "Aroon Oscillator",
        "type": "indicator",
        "inputs": [
            "high",
            "low"
        ],
        "options": [
            "period"
        ],
        "outputs": [
            "aroonosc"
        ]
    },
    "asin": {
        "full_name": "Vector Arcsine",
        "type": "simple",
        "inputs": [
            "real"
        ],
        "options": [],
        "outputs": [
            "asin"
        ]
    },
    "atan": {
        "full_name": "Vector Arctangent",
        "type": "simple",
        "inputs": [
            "real"
        ],
        "options": [],
        "outputs": [
            "atan"
        ]
    },
    "atr": {
        "full_name": "Average True Range",
        "type": "indicator",
        "inputs": [
            "high",
            "low",
            "close"
        ],
        "options": [
            "period"
        ],
        "outputs": [
            "atr"
        ]
    },
    "avgprice": {
        "full_name": "Average Price",
        "type": "overlay",
        "inputs": [
            "open",
            "high",
            "low",
            "close"
        ],
        "options": [],
        "outputs": [
            "avgprice"
        ]
    },
    "bbands": {
        "full_name": "Bollinger Bands",
        "type": "overlay",
        "inputs": [
            "real"
        ],
        "options": [
            "period",
            "stddev"
        ],
        "outputs": [
            "bbands_lower",
            "bbands_middle",
            "bbands_upper"
        ]
    },
    "bop": {
        "full_name": "Balance of Power",
        "type": "indicator",
        "inputs": [
            "open",
            "high",
            "low",
            "close"
        ],
        "options": [],
        "outputs": [
            "bop"
        ]
    },
    "cci": {
        "full_name": "Commodity Channel Index",
        "type": "indicator",
        "inputs": [
            "high",
            "low",
            "close"
        ],
        "options": [
            "period"
        ],
        "outputs": [
            "cci"
        ]
    },
    "ceil": {
        "full_name": "Vector Ceiling",
        "type": "simple",
        "inputs": [
            "real"
        ],
        "options": [],
        "outputs": [
            "ceil"
        ]
    },
    "cmo": {
        "full_name": "Chande Momentum Oscillator",
        "type": "indicator",
        "inputs": [
            "real"
        ],
        "options": [
            "period"
        ],
        "outputs": [
            "cmo"
        ]
    },
    "cos": {
        "full_name": "Vector Cosine",
        "type": "simple",
        "inputs": [
            "real"
        ],
        "options": [],
        "outputs": [
            "cos"
        ]
    },
    "cosh": {
        "full_name": "Vector Hyperbolic Cosine",
        "type": "simple",
        "inputs": [
            "real"
        ],
        "options": [],
        "outputs": [
            "cosh"
        ]
    },
    "crossany": {
        "full_name": "Crossany",
        "type": "math",
        "inputs": [
            "real",
            "real"
        ],
        "options": [],
        "outputs": [
            "crossany"
        ]
    },
    "crossover": {
        "full_name": "Crossover",
        "type": "math",
        "inputs": [
            "real",
            "real"
        ],
        "options": [],
        "outputs": [
            "crossover"
        ]
    },
    "cvi": {
        "full_name": "Chaikins Volatility",
        "type": "indicator",
        "inputs": [
            "high",
            "low"
        ],
        "options": [
            "period"
        ],
        "outputs": [
            "cvi"
        ]
    },
    "decay": {
        "full_name": "Linear Decay",
        "type": "math",
        "inputs": [
            "real"
        ],
        "options": [
            "period"
        ],
        "outputs": [
            "decay"
        ]
    },
    "dema": {
        "full_name": "Double Exponential Moving Average",
        "type": "overlay",
        "inputs": [
            "real"
        ],
        "options": [
            "period"
        ],
        "outputs": [
            "dema"
        ]
    },
    "di": {
        "full_name": "Directional Indicator",
        "type": "indicator",
        "inputs": [
            "high",
            "low",
            "close"
        ],
        "options": [
            "period"
        ],
        "outputs": [
            "plus_di",
            "minus_di"
        ]
    },
    "div": {
        "full_name": "Vector Division",
        "type": "simple",
        "inputs": [
            "real",
            "real"
        ],
        "options": [],
        "outputs": [
            "div"
        ]
    },
    "dm": {
        "full_name": "Directional Movement",
        "type": "indicator",
        "inputs": [
            "high",
            "low"
        ],
        "options": [
            "period"
        ],
        "outputs": [
            "plus_dm",
            "minus_dm"
        ]
    },
    "dpo": {
        "full_name": "Detrended Price Oscillator",
        "type": "indicator",
        "inputs": [
            "real"
        ],
        "options": [
            "period"
        ],
        "outputs": [
            "dpo"
        ]
    },
    "dx": {
        "full_name": "Directional Movement Index",
        "type": "indicator",
        "inputs": [
            "high",
            "low",
            "close"
        ],
        "options": [
            "period"
        ],
        "outputs": [
            "dx"
        ]
    },
    "edecay": {
        "full_name": "Exponential Decay",
        "type": "math",
        "inputs": [
            "real"
        ],
        "options": [
            "period"
        ],
        "outputs": [
            "edecay"
        ]
    },
    "ema": {
        "full_name": "Exponential Moving Average",
        "type": "overlay",
        "inputs": [
            "real"
        ],
        "options": [
            "period"
        ],
        "outputs": [
            "ema"
        ]
    },
    "emv": {
        "full_name": "Ease of Movement",
        "type": "indicator",
        "inputs": [
            "high",
            "low",
            "volume"
        ],
        "options": [],
        "outputs": [
            "emv"
        ]
    },
    "exp": {
        "full_name": "Vector Exponential",
        "type": "simple",
        "inputs": [
            "real"
        ],
        "options": [],
        "outputs": [
            "exp"
        ]
    },
    "fisher": {
        "full_name": "Fisher Transform",
        "type": "indicator",
        "inputs": [
            "high",
            "low"
        ],
        "options": [
            "period"
        ],
        "outputs": [
            "fisher",
            "fisher_signal"
        ]
    },
    "floor": {
        "full_name": "Vector Floor",
        "type": "simple",
        "inputs": [
            "real"
        ],
        "options": [],
        "outputs": [
            "floor"
        ]
    },
    "fosc": {
        "full_name": "Forecast Oscillator",
        "type": "indicator",
        "inputs": [
            "real"
        ],
        "options": [
            "period"
        ],
        "outputs": [
            "fosc"
        ]
    },
    "hma": {
        "full_name": "Hull Moving Average",
        "type": "overlay",
        "inputs": [
            "real"
        ],
        "options": [
            "period"
        ],
        "outputs": [
            "hma"
        ]
    },
    "kama": {
        "full_name": "Kaufman Adaptive Moving Average",
        "type": "overlay",
        "inputs": [
            "real"
        ],
        "options": [
            "period"
        ],
        "outputs": [
            "kama"
        ]
    },
    "kvo": {
        "full_name": "Klinger Volume Oscillator",
        "type": "indicator",
        "inputs": [
            "high",
            "low",
            "close",
            "volume"
        ],
        "options": [
            "short period",
            "long period"
        ],
        "outputs": [
            "kvo"
        ]
    },
    "lag": {
        "full_name": "Lag",
        "type": "math",
        "inputs": [
            "real"
        ],
        "options": [
            "period"
        ],
        "outputs": [
            "lag"
        ]
    },
    "linreg": {
        "full_name": "Linear Regression",
        "type": "overlay",
        "inputs": [
            "real"
        ],
        "options": [
            "period"
        ],
        "outputs": [
            "linreg"
        ]
    },
    "linregintercept": {
        "full_name": "Linear Regression Intercept",
        "type": "indicator",
        "inputs": [
            "real"
        ],
        "options": [
            "period"
        ],
        "outputs": [
            "linregintercept"
        ]
    },
    "linregslope": {
        "full_name": "Linear Regression Slope",
        "type": "indicator",
        "inputs": [
            "real"
        ],
        "options": [
            "period"
        ],
        "outputs": [
            "linregslope"
        ]
    },
    "ln": {
        "full_name": "Vector Natural Log",
        "type": "simple",
        "inputs": [
            "real"
        ],
        "options": [],
        "outputs": [
            "ln"
        ]
    },
    "log10": {
        "full_name": "Vector Base-10 Log",
        "type": "simple",
        "inputs": [
            "real"
        ],
        "options": [],
        "outputs": [
            "log10"
        ]
    },
    "macd": {
        "full_name": "Moving Average Convergence/Divergence",
        "type": "indicator",
        "inputs": [
            "real"
        ],
        "options": [
            "short period",
            "long period",
            "signal period"
        ],
        "outputs": [
            "macd",
            "macd_signal",
            "macd_histogram"
        ]
    },
    "marketfi": {
        "full_name": "Market Facilitation Index",
        "type": "indicator",
        "inputs": [
            "high",
            "low",
            "volume"
        ],
        "options": [],
        "outputs": [
            "marketfi"
        ]
    },
    "mass": {
        "full_name": "Mass Index",
        "type": "indicator",
        "inputs": [
            "high",
            "low"
        ],
        "options": [
            "period"
        ],
        "outputs": [
            "mass"
        ]
    },
    "max": {
        "full_name": "Maximum In Period",
        "type": "math",
        "inputs": [
            "real"
        ],
        "options": [
            "period"
        ],
        "outputs": [
            "max"
        ]
    },
    "md": {
        "full_name": "Mean Deviation Over Period",
        "type": "math",
        "inputs": [
            "real"
        ],
        "options": [
            "period"
        ],
        "outputs": [
            "md"
        ]
    },
    "medprice": {
        "full_name": "Median Price",
        "type": "overlay",
        "inputs": [
            "high",
            "low"
        ],
        "options": [],
        "outputs": [
            "medprice"
        ]
    },
    "mfi": {
        "full_name": "Money Flow Index",
        "type": "indicator",
        "inputs": [
            "high",
            "low",
            "close",
            "volume"
        ],
        "options": [
            "period"
        ],
        "outputs": [
            "mfi"
        ]
    },
    "min": {
        "full_name": "Minimum In Period",
        "type": "math",
        "inputs": [
            "real"
        ],
        "options": [
            "period"
        ],
        "outputs": [
            "min"
        ]
    },
    "mom": {
        "full_name": "Momentum",
        "type": "indicator",
        "inputs": [
            "real"
        ],
        "options": [
            "period"
        ],
        "outputs": [
            "mom"
        ]
    },
    "msw": {
        "full_name": "Mesa Sine Wave",
        "type": "indicator",
        "inputs": [
            "real"
        ],
        "options": [
            "period"
        ],
        "outputs": [
            "msw_sine",
            "msw_lead"
        ]
    },
    "mul": {
        "full_name": "Vector Multiplication",
        "type": "simple",
        "inputs": [
            "real",
            "real"
        ],
        "options": [],
        "outputs": [
            "mul"
        ]
    },
    "natr": {
        "full_name": "Normalized Average True Range",
        "type": "indicator",
        "inputs": [
            "high",
            "low",
            "close"
        ],
        "options": [
            "period"
        ],
        "outputs": [
            "natr"
        ]
    },
    "nvi": {
        "full_name": "Negative Volume Index",
        "type": "indicator",
        "inputs": [
            "close",
            "volume"
        ],
        "options": [],
        "outputs": [
            "nvi"
        ]
    },
    "obv": {
        "full_name": "On Balance Volume",
        "type": "indicator",
        "inputs": [
            "close",
            "volume"
        ],
        "options": [],
        "outputs": [
            "obv"
        ]
    },
    "ppo": {
        "full_name": "Percentage Price Oscillator",
        "type": "indicator",
        "inputs": [
            "real"
        ],
        "options": [
            "short period",
            "long period"
        ],
        "outputs": [
            "ppo"
        ]
    },
    "psar": {
        "full_name": "Parabolic SAR",
        "type": "overlay",
        "inputs": [
            "high",
            "low"
        ],
        "options": [
            "acceleration factor step",
            "acceleration factor maximum"
        ],
        "outputs": [
            "psar"
        ]
    },
    "pvi": {
        "full_name": "Positive Volume Index",
        "type": "indicator",
        "inputs": [
            "close",
            "volume"
        ],
        "options": [],
        "outputs": [
            "pvi"
        ]
    },
    "qstick": {
        "full_name": "Qstick",
        "type": "indicator",
        "inputs": [
            "open",
            "close"
        ],
        "options": [
            "period"
        ],
        "outputs": [
            "qstick"
        ]
    },
    "roc": {
        "full_name": "Rate of Change",
        "type": "indicator",
        "inputs": [
            "real"
        ],
        "options": [
            "period"
        ],
        "outputs": [
            "roc"
        ]
    },
    "rocr": {
        "full_name": "Rate of Change Ratio",
        "type": "indicator",
        "inputs": [
            "real"
        ],
        "options": [
            "period"
        ],
        "outputs": [
            "rocr"
        ]
    },
    "round": {
        "full_name": "Vector Round",
        "type": "simple",
        "inputs": [
            "real"
        ],
        "options": [],
        "outputs": [
            "round"
        ]
    },
    "rsi": {
        "full_name": "Relative Strength Index",
        "type": "indicator",
        "inputs": [
            "real"
        ],
        "options": [
            "period"
        ],
        "outputs": [
            "rsi"
        ]
    },
    "sin": {
        "full_name": "Vector Sine",
        "type": "simple",
        "inputs": [
            "real"
        ],
        "options": [],
        "outputs": [
            "sin"
        ]
    },
    "sinh": {
        "full_name": "Vector Hyperbolic Sine",
        "type": "simple",
        "inputs": [
            "real"
        ],
        "options": [],
        "outputs": [
            "sinh"
        ]
    },
    "sma": {
        "full_name": "Simple Moving Average",
        "type": "overlay",
        "inputs": [
            "real"
        ],
        "options": [
            "period"
        ],
        "outputs": [
            "sma"
        ]
    },
    "sqrt": {
        "full_name": "Vector Square Root",
        "type": "simple",
        "inputs": [
            "real"
        ],
        "options": [],
        "outputs": [
            "sqrt"
        ]
    },
    "stddev": {
        "full_name": "Standard Deviation Over Period",
        "type": "math",
        "inputs": [
            "real"
        ],
        "options": [
            "period"
        ],
        "outputs": [
            "stddev"
        ]
    },
    "stderr": {
        "full_name": "Standard Error Over Period",
        "type": "math",
        "inputs": [
            "real"
        ],
        "options": [
            "period"
        ],
        "outputs": [
            "stderr"
        ]
    },
    "stoch": {
        "full_name": "Stochastic Oscillator",
        "type": "indicator",
        "inputs": [
            "high",
            "low",
            "close"
        ],
        "options": [
            "%k period",
            "%k slowing period",
            "%d period"
        ],
        "outputs": [
            "stoch_k",
            "stoch_d"
        ]
    },
    "stochrsi": {
        "full_name": "Stochastic RSI",
        "type": "indicator",
        "inputs": [
            "real"
        ],
        "options": [
            "period"
        ],
        "outputs": [
            "stochrsi"
        ]
    },
    "sub": {
        "full_name": "Vector Subtraction",
        "type": "simple",
        "inputs": [
            "real",
            "real"
        ],
        "options": [],
        "outputs": [
            "sub"
        ]
    },
    "sum": {
        "full_name": "Sum Over Period",
        "type": "math",
        "inputs": [
            "real"
        ],
        "options": [
            "period"
        ],
        "outputs": [
            "sum"
        ]
    },
    "tan": {
        "full_name": "Vector Tangent",
        "type": "simple",
        "inputs": [
            "real"
        ],
        "options": [],
        "outputs": [
            "tan"
        ]
    },
    "tanh": {
        "full_name": "Vector Hyperbolic Tangent",
        "type": "simple",
        "inputs": [
            "real"
        ],
        "options": [],
        "outputs": [
            "tanh"
        ]
    },
    "tema": {
        "full_name": "Triple Exponential Moving Average",
        "type": "overlay",
        "inputs": [
            "real"
        ],
        "options": [
            "period"
        ],
        "outputs": [
            "tema"
        ]
    },
    "todeg": {
        "full_name": "Vector Degree Conversion",
        "type": "simple",
        "inputs": [
            "real"
        ],
        "options": [],
        "outputs": [
            "degrees"
        ]
    },
    "torad": {
        "full_name": "Vector Radian Conversion",
        "type": "simple",
        "inputs": [
            "real"
        ],
        "options": [],
        "outputs": [
            "radians"
        ]
    },
    "tr": {
        "full_name": "True Range",
        "type": "indicator",
        "inputs": [
            "high",
            "low",
            "close"
        ],
        "options": [],
        "outputs": [
            "tr"
        ]
    },
    "trima": {
        "full_name": "Triangular Moving Average",
        "type": "overlay",
        "inputs": [
            "real"
        ],
        "options": [
            "period"
        ],
        "outputs": [
            "trima"
        ]
    },
    "trix": {
        "full_name": "Trix",
        "type": "indicator",
        "inputs": [
            "real"
        ],
        "options": [
            "period"
        ],
        "outputs": [
            "trix"
        ]
    },
    "trunc": {
        "full_name": "Vector Truncate",
        "type": "simple",
        "inputs": [
            "real"
        ],
        "options": [],
        "outputs": [
            "trunc"
        ]
    },
    "tsf": {
        "full_name": "Time Series Forecast",
        "type": "overlay",
        "inputs": [
            "real"
        ],
        "options": [
            "period"
        ],
        "outputs": [
            "tsf"
        ]
    },
    "typprice": {
        "full_name": "Typical Price",
        "type": "overlay",
        "inputs": [
            "high",
            "low",
            "close"
        ],
        "options": [],
        "outputs": [
            "typprice"
        ]
    },
    "ultosc": {
        "full_name": "Ultimate Oscillator",
        "type": "indicator",
        "inputs": [
            "high",
            "low",
            "close"
        ],
        "options": [
            "short period",
            "medium period",
            "long period"
        ],
        "outputs": [
            "ultosc"
        ]
    },
    "var": {
        "full_name": "Variance Over Period",
        "type": "math",
        "inputs": [
            "real"
        ],
        "options": [
            "period"
        ],
        "outputs": [
            "var"
        ]
    },
    "vhf": {
        "full_name": "Vertical Horizontal Filter",
        "type": "indicator",
        "inputs": [
            "real"
        ],
        "options": [
            "period"
        ],
        "outputs": [
            "vhf"
        ]
    },
    "vidya": {
        "full_name": "Variable Index Dynamic Average",
        "type": "overlay",
        "inputs": [
            "real"
        ],
        "options": [
            "short period",
            "long period",
            "alpha"
        ],
        "outputs": [
            "vidya"
        ]
    },
    "volatility": {
        "full_name": "Annualized Historical Volatility",
        "type": "indicator",
        "inputs": [
            "real"
        ],
        "options": [
            "period"
        ],
        "outputs": [
            "volatility"
        ]
    },
    "vosc": {
        "full_name": "Volume Oscillator",
        "type": "indicator",
        "inputs": [
            "volume"
        ],
        "options": [
            "short period",
            "long period"
        ],
        "outputs": [
            "vosc"
        ]
    },
    "vwma": {
        "full_name": "Volume Weighted Moving Average",
        "type": "overlay",
        "inputs": [
            "close",
            "volume"
        ],
        "options": [
            "period"
        ],
        "outputs": [
            "vwma"
        ]
    },
    "wad": {
        "full_name": "Williams Accumulation/Distribution",
        "type": "indicator",
        "inputs": [
            "high",
            "low",
            "close"
        ],
        "options": [],
        "outputs": [
            "wad"
        ]
    },
    "wcprice": {
        "full_name": "Weighted Close Price",
        "type": "overlay",
        "inputs": [
            "high",
            "low",
            "close"
        ],
        "options": [],
        "outputs": [
            "wcprice"
        ]
    },
    "wilders": {
        "full_name": "Wilders Smoothing",
        "type": "overlay",
        "inputs": [
            "real"
        ],
        "options": [
            "period"
        ],
        "outputs": [
            "wilders"
        ]
    },
    "willr": {
        "full_name": "Williams %R",
        "type": "indicator",
        "inputs": [
            "high",
            "low",
            "close"
        ],
        "options": [
            "period"
        ],
        "outputs": [
            "willr"
        ]
    },
    "wma": {
        "full_name": "Weighted Moving Average",
        "type": "overlay",
        "inputs": [
            "real"
        ],
        "options": [
            "period"
        ],
        "outputs": [
            "wma"
        ]
    },
    "zlema": {
        "full_name": "Zero-Lag Exponential Moving Average",
        "type": "overlay",
        "inputs": [
            "real"
        ],
        "options": [
            "period"
        ],
        "outputs": [
            "zlema"
        ]
    }
}